title,artist,price
Raina Twatt,Raina,22.85
Shanon Piddle,Shanon,17.17
Janot Mathes,Janot,93.68
Raf Mottini,Raf,61.21
Costa Baccup,Costa,20.06
Darla Signe,Darla,94.7
Alikee Thornton,Alikee,41.14
Mersey Kirvell,Mersey,15.06
Hazlett Dashwood,Hazlett,74.71
Malvin Klausewitz,Malvin,42.78
Shanda Garrold,Shanda,97.1
Bili Arnoud,Bili,27.07
Brenna Rablin,Brenna,91.58
Kennedy Fritschmann,Kennedy,74.79
Creight Purslow,Creight,25.15
Mayer Dobbin,Mayer,66.47
Pamella Lie,Pamella,47.93
Richmond Joost,Richmond,69.03
Dewie Freake,Dewie,47.09
Melonie Benallack,Melonie,19.37
Karlik Lamberts,Karlik,60.79
Avery Bradborne,Avery,42.44
Ronny Kinmond,Ronny,22.18
Lacey Yateman,Lacey,72.11
Barney Tiery,Barney,14.62
Aindrea Jinkins,Aindrea,53.03
Wildon Dominichelli,Wildon,50.13
Florina Tidball,Florina,71.62
Orlan Karlik,Orlan,95.4
Therese Goade,Therese,11.08
Carin Barden,Carin,32.34
Christie Jeandon,Christie,96.45
Ulrike Yukhin,Ulrike,7.45
Anatollo Giacomoni,Anatollo,77.49
Conrad Goreisr,Conrad,76.9
Flin Duigenan,Flin,96.48
Bernhard Lauret,Bernhard,6.86
Bear Raine,Bear,21.9
Carmella Tomasutti,Carmella,76.7
Lannie Brogan,Lannie,38.97
Archaimbaud Kirwin,Archaimbaud,19.93
Darren Nunes Nabarro,Darren,48.46
Keir Yerrall,Keir,67.66
Leanora Hearse,Leanora,4.48
Dalton Reckus,Dalton,42.18
Marillin Scrane,Marillin,94.01
Laina Bischop,Laina,28.74
Goldia Stevenson,Goldia,50.76
Nye Plaunch,Nye,94.54
Lee Crosgrove,Lee,16.98
Silvain Tugman,Silvain,97.06
Abagael Dyerson,Abagael,78.65
Nate Middleditch,Nate,38.84
Jervis De Bruijn,Jervis,77.55
Karlan Wadham,Karlan,69.39
Nanon Selvey,Nanon,45.84
Joaquin Jertz,Joaquin,76.48
Mariele Kyme,Mariele,17.14
Beth Steffan,Beth,14.8
Moore Lemerie,Moore,80.33
Hilliard Couling,Hilliard,84.24
Helenka Chopin,Helenka,22.59
Pearce Reeson,Pearce,38.11
Neel Bambury,Neel,38.82
Osborn Loveland,Osborn,47.66
Margareta Thorndycraft,Margareta,84.81
Stanleigh Garrow,Stanleigh,36.95
Rosemary Augur,Rosemary,38.01
Alexine Guichard,Alexine,1.12
Fern Worland,Fern,27.09
Burl Thomann,Burl,95.97
Dietrich Dykins,Dietrich,11.63
Jean Wormleighton,Jean,73.43
Alysia Semrad,Alysia,75.0
Kynthia Rabbet,Kynthia,71.23
Rustie Chugg,Rustie,43.66
Timmie Thunders,Timmie,49.71
Zacherie Leifer,Zacherie,65.2
Koenraad Finnimore,Koenraad,66.38
Milo Pinkie,Milo,40.31
Jolene Howell,Jolene,3.46
Yance Whitcomb,Yance,33.83
Chrissie Rappaport,Chrissie,73.07
Theodora Posselt,Theodora,96.79
Gwendolin Bowcock,Gwendolin,91.91
Niccolo Prujean,Niccolo,18.06
Nancie Noden,Nancie,97.68
Oswell Clarricoates,Oswell,4.41
Ruthie McTaggart,Ruthie,2.69
Lane Purton,Lane,41.51
Patton Okenfold,Patton,49.58
Katti Cops,Katti,31.76
Thedric Lecount,Thedric,3.54
Oran Bonehill,Oran,72.1
Hillery Durdan,Hillery,2.26
Sheilakathryn Guinery,Sheilakathryn,69.88
Donall Marioneau,Donall,37.38
Cully Fitchew,Cully,64.55
Tiertza Tantum,Tiertza,44.53
Ted Islip,Ted,86.35
Torey Shurmer,Torey,41.68
Marlo Clelle,Marlo,17.24
Erl MacGaughy,Erl,96.97
Nestor Gansbuhler,Nestor,78.1
Frederic Muncaster,Frederic,42.83
Heidi Zorzetti,Heidi,89.88
Jaquenette Micklewicz,Jaquenette,80.59
Ikey Valentin,Ikey,19.73
Salvidor Snibson,Salvidor,1.6
Astrid Rylands,Astrid,52.68
Ado Samwaye,Ado,64.45
Garv Macallam,Garv,56.3
Kylynn Crocombe,Kylynn,16.0
Oliviero Dobbin,Oliviero,6.43
Kikelia Grzeszczak,Kikelia,43.47
Madella Legge,Madella,41.28
Catarina Gallen,Catarina,47.49
Giffard Iremonger,Giffard,98.32
Ruprecht Salsberg,Ruprecht,24.15
Gavra Lambotin,Gavra,38.83
Prudence Gonsalo,Prudence,48.03
Radcliffe Rawlyns,Radcliffe,49.66
York Ziemecki,York,94.07
Kailey Batrick,Kailey,52.0
Guendolen Pollitt,Guendolen,98.68
Cassie Clutterbuck,Cassie,73.58
Catlaina Addis,Catlaina,64.22
Beth Gravenell,Beth,40.74
Sarene Kensett,Sarene,89.78
Marietta Bolzmann,Marietta,25.49
Clotilda Gowry,Clotilda,34.46
Percival Brealey,Percival,54.96
Michelle Bauldry,Michelle,14.27
Michal FitzGilbert,Michal,31.56
Robinetta Demeza,Robinetta,34.38
Tadeo Bethune,Tadeo,32.72
Emiline Quakley,Emiline,82.24
Mellisent Issitt,Mellisent,31.67
Normy Scorton,Normy,9.92
Sheryl Strudwick,Sheryl,56.68
Merissa Cruxton,Merissa,26.93
Maurita Woffenden,Maurita,15.38
West Shiell,West,46.34
Jocelyne Pickavant,Jocelyne,69.39
Barbe Butson,Barbe,61.97
Urson Zannotelli,Urson,91.61
Emilie Portchmouth,Emilie,11.3
Hope Jochens,Hope,42.14
Ruddie Hellicar,Ruddie,94.91
Pandora Litherborough,Pandora,36.66
Norbie Skakunas,Norbie,8.42
Dasie Parmiter,Dasie,54.1
Etty Gunny,Etty,60.6
Tait Beaufoy,Tait,13.57
Guss Sustin,Guss,78.09
Hallie Kimberley,Hallie,31.02
Shea Hariot,Shea,14.61
Alina Mellanby,Alina,2.58
Sapphira Crambie,Sapphira,25.49
Dana Winkless,Dana,12.84
Emlen Blackford,Emlen,22.67
Adah Yurocjkin,Adah,21.36
Maje Paslow,Maje,3.06
Danit Anchor,Danit,84.67
Marita Scurry,Marita,66.61
Harrie Galey,Harrie,67.43
Briant Gerhardt,Briant,46.3
Rhoda Severn,Rhoda,1.32
Andros Backsal,Andros,61.97
Brandtr Mateos,Brandtr,99.79
Nickey Hovenden,Nickey,49.73
Ruddy Elner,Ruddy,25.01
Amalee Gemnett,Amalee,86.66
Felic Pigny,Felic,55.93
Martita McCloud,Martita,98.83
Ignacius Sinnat,Ignacius,12.08
Clay McCloud,Clay,13.65
Marna Riggert,Marna,59.97
Zollie Birckmann,Zollie,30.87
Jeramie Buddington,Jeramie,72.15
Ernestine Stempe,Ernestine,48.1
Dorthy Salisbury,Dorthy,54.96
Vallie Donoghue,Vallie,42.98
Zacharias McOrkill,Zacharias,29.37
Carina Puzey,Carina,82.98
Janeta MacColgan,Janeta,18.76
Lane Jans,Lane,44.83
Otha Ambrosio,Otha,41.9
Millie MacAne,Millie,38.21
Thane Paylie,Thane,67.35
Horatius Radnedge,Horatius,55.01
Cad Najera,Cad,39.94
Reeba Kincey,Reeba,76.92
Joellen Gresch,Joellen,83.65
Marabel Jankiewicz,Marabel,74.33
Kattie Matveyev,Kattie,55.47
Giavani Whistance,Giavani,45.04
Oren Breeze,Oren,43.63
Shannan Sahnow,Shannan,78.52
Emilio Patient,Emilio,23.48
Walsh Tankard,Walsh,61.87
Trent Ferrario,Trent,92.97
Shannon Wreight,Shannon,70.32
Ferdy Wagner,Ferdy,93.6
Evangelin Eger,Evangelin,24.83
Hilarius Lorente,Hilarius,31.22
Honey Leethem,Honey,8.1
Natale Anning,Natale,79.82
Hildegarde Overnell,Hildegarde,29.31
Maridel Meadley,Maridel,5.83
Cecile Forrester,Cecile,79.46
Marne Dawnay,Marne,27.65
Abagail Whiteway,Abagail,4.11
Mirella Condict,Mirella,21.7
Dore Ludmann,Dore,58.9
Marga Basill,Marga,37.55
Marcela Bettinson,Marcela,25.56
Dagny Issit,Dagny,6.58
Erda Drennan,Erda,11.04
Pearla Cowope,Pearla,85.42
Olivette Fitchet,Olivette,15.06
Izak Cassimer,Izak,59.13
Rufus Corzon,Rufus,43.52
Artemus Beyer,Artemus,75.69
Ichabod Kinge,Ichabod,55.35
June Seaton,June,65.56
Ezequiel Artz,Ezequiel,10.7
Barris Skippings,Barris,42.91
Eleonora Dunwoody,Eleonora,19.37
Dukey Shrawley,Dukey,66.14
Esme Frame,Esme,99.97
Faina Fasler,Faina,82.33
Gillian Snowden,Gillian,5.42
Elisa Kirke,Elisa,77.74
Mina Cleobury,Mina,37.92
Felita Boullin,Felita,22.49
Bethany O'Monahan,Bethany,66.91
Pennie Sirmon,Pennie,56.35
Westley Feifer,Westley,61.84
Freemon Kain,Freemon,66.17
Cosme Seward,Cosme,55.01
Gaby Borman,Gaby,16.52
Garek Sharvill,Garek,38.97
Jimmie Brunelleschi,Jimmie,34.45
Nanice D'Angeli,Nanice,84.19
Dorry Minall,Dorry,66.38
Emlyn Bertome,Emlyn,43.84
Clementine Schankel,Clementine,58.77
Reeta Swaddle,Reeta,56.43
Benoite Lulham,Benoite,29.88
Jackelyn Newitt,Jackelyn,70.29
Cordie Malitrott,Cordie,80.18
Charla Sparry,Charla,18.54
Rosalinde Bushel,Rosalinde,37.25
Benito Peto,Benito,52.77
Sheelagh Piele,Sheelagh,67.13
Edie Vardon,Edie,21.55
Dane Bownd,Dane,43.3
Vinita Fraczek,Vinita,14.15
Miquela Tokell,Miquela,2.27
Ilene Million,Ilene,47.36
Diann Tofanelli,Diann,42.66
Cad Flaherty,Cad,43.26
Charisse Carney,Charisse,97.51
Damian Meegan,Damian,25.07
Marabel Ahren,Marabel,77.99
Doti Charon,Doti,19.08
Melva Searight,Melva,8.42
Joella Hodinton,Joella,84.81
Corrine Corbridge,Corrine,64.52
Blythe Merwe,Blythe,20.07
Nicolais Beartup,Nicolais,64.51
Linc Melland,Linc,74.77
Clementina Matskevich,Clementina,66.21
Carver Ricarde,Carver,73.96
Lalo Pesic,Lalo,19.95
Ansley Toombs,Ansley,25.11
Calypso Kagan,Calypso,36.04
Bradly Gwatkins,Bradly,22.74
Kennedy Nestoruk,Kennedy,91.28
Shalna Dane,Shalna,99.42
Davis Le Gall,Davis,83.83
Eleonore Merredy,Eleonore,48.79
Kylen Spence,Kylen,1.78
Antons Duffield,Antons,25.91
Ambur Habbergham,Ambur,78.74
Ogdon Ryrie,Ogdon,47.83
Hanson Amorts,Hanson,49.07
Jason Jobbins,Jason,85.97
Calida Saker,Calida,46.89
Mandel Shearmer,Mandel,9.6
Nikkie Tofanini,Nikkie,75.34
Cairistiona Swatland,Cairistiona,70.86
Maible Crowder,Maible,7.25
Leeann Gadney,Leeann,67.3
Herminia O'Lahy,Herminia,58.1
Rubia Glamart,Rubia,82.11
Garret Mattocks,Garret,5.96
Siobhan O' Mulderrig,Siobhan,15.12
Augusta Saipy,Augusta,82.11
Bibby MacGinley,Bibby,91.33
Madeleine Gossop,Madeleine,2.22
Hewie Benzie,Hewie,77.64
Fancy Dengel,Fancy,61.74
Martha Oakenfield,Martha,76.39
Dorolisa Brasner,Dorolisa,61.03
Perla Camosso,Perla,53.48
Jaquenetta Mascall,Jaquenetta,38.27
Alia Wolffers,Alia,52.04
Kittie Clemenzi,Kittie,36.45
Rodrick Milier,Rodrick,2.7
Ivonne Wardingly,Ivonne,96.61
Ewell Bourke,Ewell,8.9
Waite Raunds,Waite,15.95
Ludovika Callery,Ludovika,6.57
Stephenie Patroni,Stephenie,18.73
Malcolm Clegg,Malcolm,28.04
Tally O'Luney,Tally,90.92
Bev Piele,Bev,6.92
Shelton Olanda,Shelton,44.01
Chrotoem Currin,Chrotoem,85.0
Cheslie Greber,Cheslie,62.27
Daron Leipelt,Daron,83.28
Nefen Arkell,Nefen,85.58
Michelina Cadore,Michelina,96.41
Bald Shovel,Bald,3.01
Lesley Poundford,Lesley,84.12
Cristabel Hambers,Cristabel,97.24
Michael Frier,Michael,72.64
Clerkclaude Kaygill,Clerkclaude,94.87
Far Barnwill,Far,47.74
Eran Holde,Eran,44.3
Susanetta Bolver,Susanetta,63.92
Rand Barhems,Rand,10.15
Drugi Rickcord,Drugi,25.45
Kate Gerring,Kate,2.7
Netty Bourbon,Netty,17.35
Trixy Gorgl,Trixy,8.14
Chad MacClinton,Chad,67.83
Arlina Bunford,Arlina,30.05
Halie Culbard,Halie,87.2
Robin Von Salzberg,Robin,26.6
Dara Ingarfill,Dara,5.03
Pattie Whapple,Pattie,42.98
Sutton Tampen,Sutton,68.43
Drucie Christauffour,Drucie,2.06
Sisile Blakes,Sisile,58.77
Rasia Merrikin,Rasia,88.01
Amery Phette,Amery,37.85
Clim Carlsson,Clim,98.37
Edeline Chard,Edeline,54.19
Jude Lorinez,Jude,98.23
Giacobo Bundock,Giacobo,14.5
Vivie Bellenie,Vivie,8.94
Maritsa Cometti,Maritsa,96.51
Eileen Aggs,Eileen,29.43
Ralph Garley,Ralph,63.4
Rhonda Shelper,Rhonda,30.86
Davon Bende,Davon,50.25
Kettie Gore,Kettie,23.73
Alessandra Wallentin,Alessandra,13.81
Sena Cullington,Sena,94.06
Angeli Foulks,Angeli,32.56
Jaimie Brahams,Jaimie,76.49
Carling Brinded,Carling,61.95
Patty Drable,Patty,26.77
Tamera Burchfield,Tamera,42.63
Margalo Kunat,Margalo,9.81
Bren Pomroy,Bren,3.73
Alicea Ferney,Alicea,44.02
Chantal Barbara,Chantal,54.11
Woody Sloley,Woody,81.37
Archer Chevins,Archer,42.96
Christyna Renshell,Christyna,85.87
Agnella Fakes,Agnella,76.78
Dugald Arkil,Dugald,60.23
Selma Raybould,Selma,98.16
Deeanne Bramwell,Deeanne,32.27
Diandra Bonsall,Diandra,95.95
Rasia Sawter,Rasia,3.38
Salomi Matonin,Salomi,15.15
Madelle Lomond,Madelle,1.68
Odetta Sumbler,Odetta,96.01
Cristine Domnick,Cristine,22.93
Ynes Rigney,Ynes,21.97
Gino Daughton,Gino,95.69
Queenie Southey,Queenie,97.37
Micaela Swainsbury,Micaela,46.82
Elspeth O'Driscoll,Elspeth,74.36
Calypso Hayselden,Calypso,17.7
Chaddie Erskine,Chaddie,51.6
Rusty Darey,Rusty,16.34
Martyn Daines,Martyn,30.85
Ancell Crim,Ancell,46.09
Patten McCritchie,Patten,26.45
Kiersten Krolik,Kiersten,56.78
Laurens Pallent,Laurens,5.68
Harald Ingles,Harald,86.71
Anthony Drinkall,Anthony,24.44
Curran Selkirk,Curran,56.36
Reginauld Moriarty,Reginauld,71.99
Blair Masedon,Blair,88.14
Felipe Thrussell,Felipe,26.45
Cornie Plastow,Cornie,7.68
Em Swinford,Em,92.08
Cully Sellack,Cully,67.53
Willamina Greenleaf,Willamina,59.02
Damaris Buzin,Damaris,82.64
Sayre Form,Sayre,41.39
Boris Mazzeo,Boris,7.06
Rodger Gregorio,Rodger,59.83
Nissy Redmore,Nissy,56.57
Leeanne Cloonan,Leeanne,94.58
Evered Cadney,Evered,35.42
Eldin Farrears,Eldin,43.09
Sibby Hellsdon,Sibby,72.07
Torrance Toopin,Torrance,43.72
Kimbra Warry,Kimbra,19.38
Marcella Heak,Marcella,55.19
Veradis Greiser,Veradis,30.51
Berta Christal,Berta,47.61
Stoddard Pinsent,Stoddard,56.27
Kally Beharrell,Kally,99.94
Viole Hallums,Viole,95.68
Elvyn Heistermann,Elvyn,70.79
Ashla Davidovich,Ashla,88.38
Christy Darville,Christy,66.72
Colan Crotch,Colan,94.64
Justine Edghinn,Justine,17.58
Ramsey Veart,Ramsey,38.45
Craggy Noblett,Craggy,47.48
Wilow Kleinberer,Wilow,94.77
Erasmus Glasebrook,Erasmus,97.51
Masha Dorling,Masha,4.35
Way Scaice,Way,85.46
Martynne Franiak,Martynne,60.32
Madelle Jorat,Madelle,28.91
Thayne Goodings,Thayne,86.75
Gae Gotter,Gae,38.6
Hadley Millichip,Hadley,80.67
Meara Basant,Meara,31.52
Dix Juares,Dix,99.31
Nicolette Myrie,Nicolette,43.57
Donnell Keedy,Donnell,40.5
Maxwell Clilverd,Maxwell,76.67
Ezri Taggett,Ezri,53.58
Kendre Harbin,Kendre,59.72
Erinn Leber,Erinn,97.05
Elie Guilford,Elie,71.08
Pauli Dreghorn,Pauli,46.44
Tildi O'Dulchonta,Tildi,76.85
Shana Riddiford,Shana,62.09
Vikki Deaville,Vikki,21.44
Ardys Lukasen,Ardys,52.18
Roderigo Pitkeathly,Roderigo,53.05
Luisa Bastide,Luisa,48.39
Verla Winder,Verla,22.45
Nerti Rawll,Nerti,35.44
Brian McMurrugh,Brian,47.81
Valida Doodney,Valida,65.46
Lynne Allgood,Lynne,82.61
Silvio Elijah,Silvio,66.91
Ichabod Jest,Ichabod,49.64
Roch Dillinger,Roch,29.55
Lorine Rodolfi,Lorine,73.59
Gibby Sitch,Gibby,60.02
Keefe Greenshields,Keefe,99.66
Olivier Keattch,Olivier,64.9
Berte McNeil,Berte,62.35
Ingra Allanson,Ingra,61.01
Daffi Edgcombe,Daffi,69.47
Renae Youdell,Renae,99.59
Yancey Foucard,Yancey,40.38
Randi Caneo,Randi,91.15
Shelley Ellacombe,Shelley,63.22
Magdalena Upham,Magdalena,65.53
Xenos Worge,Xenos,50.49
Bradan Dubble,Bradan,32.07
Pyotr Flippelli,Pyotr,32.46
Hugo Kelemen,Hugo,50.74
Christian Trustrie,Christian,21.64
Barn Le Brum,Barn,17.6
Dania Verillo,Dania,57.38
Lemmy Piburn,Lemmy,39.74
Hart Tarborn,Hart,6.15
Cesaro Greenroad,Cesaro,37.54
Gleda Lindenman,Gleda,86.89
Randell Syce,Randell,2.58
Hercule Velte,Hercule,89.41
See Shawyer,See,21.2
Yvette Jeenes,Yvette,44.41
Ban Ambrosch,Ban,84.04
Ruby Scandrite,Ruby,19.71
Avie Arendt,Avie,45.83
Harwell Ibbeson,Harwell,42.89
Lindsey Giacopazzi,Lindsey,57.83
Dianemarie Lewer,Dianemarie,9.46
Christye Folini,Christye,44.45
Thomasine Janoch,Thomasine,13.55
Cully Aslett,Cully,26.47
Farleigh Arnaldy,Farleigh,34.75
Padriac Pottery,Padriac,46.54
Andreana Colvine,Andreana,60.78
Berny Yewdale,Berny,16.4
Brod Fountaine,Brod,96.49
Christoph Eveque,Christoph,58.95
Quintina Casacchia,Quintina,97.22
Peri Parnby,Peri,39.8
Kane Cleverley,Kane,69.67
Jennee Petricek,Jennee,96.42
Nickolas Lawn,Nickolas,61.64
Lorne Hassan,Lorne,99.99
Consolata Christoffels,Consolata,87.25
Molly Sibray,Molly,46.13
Dave Birdfield,Dave,75.01
Gordon Lumbley,Gordon,37.39
Marcie Amy,Marcie,38.74
Burl Hamberstone,Burl,75.38
Terra Bradock,Terra,54.09
Dare Ryburn,Dare,72.95
Colman Foker,Colman,12.24
Currie Tregonna,Currie,6.55
Othilia Millett,Othilia,76.82
Adelle Prazer,Adelle,86.67
Xenia Boyton,Xenia,6.12
Karla Ralls,Karla,19.58
Filberte Beeton,Filberte,42.89
Agace Kleinstub,Agace,97.09
Dolores Pomphrett,Dolores,16.54
Matilde Dudleston,Matilde,44.55
Mil Erdely,Mil,48.77
Kirby Casine,Kirby,96.99
Colline Flintoffe,Colline,6.5
Raf Ivanin,Raf,97.51
Clarice Beadnell,Clarice,14.47
Coleman Quickfall,Coleman,59.8
Parrnell Brigginshaw,Parrnell,74.65
Damien Kopelman,Damien,23.86
Trueman Adamo,Trueman,55.74
Tawsha Ewbanks,Tawsha,99.1
Jodi Dodridge,Jodi,53.07
Renelle Stobbs,Renelle,11.52
Mella Shuttlewood,Mella,1.15
Darcie Theaker,Darcie,87.85
Asa Grisewood,Asa,16.45
Ara Nother,Ara,80.79
Sheelah Malcolmson,Sheelah,65.16
Jeniffer Troke,Jeniffer,41.03
Terrell Portress,Terrell,36.82
Clark Rushbury,Clark,85.24
Stephen Waldram,Stephen,82.33
Tito Donneely,Tito,36.73
Carrol Westmorland,Carrol,81.57
Anthony Botterman,Anthony,8.67
Randal Repp,Randal,92.15
Virgina Greatrex,Virgina,39.65
Seana Dislee,Seana,40.53
Arty Yitzhakov,Arty,66.11
Valenka Fahey,Valenka,21.51
Wallace Ducarel,Wallace,69.54
Isidore Brimman,Isidore,52.07
Marcella Ruller,Marcella,39.0
Flory Alwen,Flory,83.86
Fairfax Pawlicki,Fairfax,61.55
Land Gomersal,Land,77.2
Otto Rodbourne,Otto,7.82
Frankie Alves,Frankie,2.83
Olivie Tregona,Olivie,32.05
Gael Sycamore,Gael,2.33
Leo Murrigan,Leo,86.39
Ali Pickersail,Ali,60.34
Giulio Leas,Giulio,55.47
Bernice Pinkerton,Bernice,74.42
Anson Sheran,Anson,71.83
Christean Westley,Christean,57.67
Innis Castro,Innis,7.21
Nanon McGraith,Nanon,51.02
Willard Stainfield,Willard,38.0
Rochella McMenemy,Rochella,16.72
Allister Bleyman,Allister,5.62
Smith Brunt,Smith,18.87
Bradney Rosenstein,Bradney,31.73
Mira Staries,Mira,8.18
Lori Reed,Lori,61.88
Deonne Meaddowcroft,Deonne,4.68
Lurette Martusov,Lurette,55.07
Olenka Dorrell,Olenka,17.3
Caddric Guitt,Caddric,34.4
Boniface Napper,Boniface,29.13
Gottfried Remirez,Gottfried,26.91
Ella Ferreres,Ella,65.63
Natassia Cable,Natassia,58.7
Nanete Maas,Nanete,39.02
Perrine Gerrie,Perrine,70.64
Stanwood Duval,Stanwood,13.52
Keelby Hiddersley,Keelby,55.84
Georg Boultwood,Georg,21.05
Ezekiel Fydo,Ezekiel,43.73
Margarethe Juniper,Margarethe,77.44
Darrick Courteney,Darrick,30.81
Prentice Ambrogi,Prentice,1.22
Lynnett Hursthouse,Lynnett,82.08
Conan Pring,Conan,47.1
Justen Firmin,Justen,60.79
Bryna Pettiward,Bryna,76.01
Katrina Fancourt,Katrina,62.6
Case Shelley,Case,14.74
Israel McLeese,Israel,42.39
Renard Ridhole,Renard,70.52
Auria Clemenceau,Auria,97.68
Fairlie Feak,Fairlie,53.55
Diann Callaby,Diann,80.8
Kaela Sharrard,Kaela,17.24
Verena Cornewell,Verena,85.07
La verne Dignall,La verne,75.4
Kristine Brandrick,Kristine,64.83
Terrel Glaisner,Terrel,68.22
Marvin Levine,Marvin,43.35
Missie Ivanisov,Missie,72.49
Charlie Delahunty,Charlie,91.43
Antone Colmer,Antone,84.89
Isiahi Egdale,Isiahi,98.81
Hillie Kastel,Hillie,35.33
Olva Kleynen,Olva,6.24
Sara-ann Heningam,Sara-ann,25.38
Sheba Garwood,Sheba,96.52
Letta Brammer,Letta,54.77
Maureen Naismith,Maureen,77.7
Shandee Gerren,Shandee,95.57
Cherilynn Chaston,Cherilynn,47.77
Bernice Fripp,Bernice,12.21
Bourke Lortz,Bourke,37.92
Randy Servante,Randy,14.42
Lexi Ibert,Lexi,83.24
Rheba Gipps,Rheba,74.94
Lynett Cockney,Lynett,20.95
Cloe Pentelo,Cloe,14.63
Andriette Candey,Andriette,25.47
Ber Scrinage,Ber,30.49
Bernie Sagar,Bernie,22.55
Ronica Arsnell,Ronica,10.5
Milzie Malins,Milzie,77.2
Tabina Theakston,Tabina,10.4
Christiana Yoskowitz,Christiana,39.28
Alden Southby,Alden,44.36
Sabina Dreghorn,Sabina,95.07
Jacquette Jardine,Jacquette,72.12
Carlynn Cawthry,Carlynn,29.22
Evelyn Bowring,Evelyn,85.1
Agnes Cardozo,Agnes,83.62
Tami Repper,Tami,59.13
Benni Sandiford,Benni,49.21
Nikolaos Westmarland,Nikolaos,99.45
Marice Grayshon,Marice,49.67
Ailis Dungee,Ailis,25.91
Malinda Hearl,Malinda,79.77
Kylen Yannikov,Kylen,12.94
Amy Partlett,Amy,60.97
Noel Daniel,Noel,89.89
Burnaby Ciobutaro,Burnaby,69.12
Tricia Gini,Tricia,56.28
Kendall Antrag,Kendall,31.11
Sheela Welbrock,Sheela,77.83
Valentia Everly,Valentia,31.15
Bliss Jagg,Bliss,99.71
Maure Cayle,Maure,72.54
Barbi Whittenbury,Barbi,75.39
Konrad Victor,Konrad,42.33
Vicky MacTimpany,Vicky,72.36
Godiva Viscovi,Godiva,23.7
Goldie Prozescky,Goldie,70.47
Napoleon Hullock,Napoleon,42.66
Ab Glowach,Ab,13.01
Erminia Tripp,Erminia,98.58
Morley Spataro,Morley,79.87
Adams Hackleton,Adams,10.21
Bathsheba Gebbe,Bathsheba,20.15
Jennette Moyle,Jennette,11.95
Gwyneth Lincey,Gwyneth,70.07
Jillian Bourdel,Jillian,87.61
Rip Czaple,Rip,32.02
Yovonnda Gumbley,Yovonnda,85.04
Oneida Whal,Oneida,43.39
Kerby Snelgar,Kerby,73.65
Culley Mynett,Culley,89.63
Derick Margaritelli,Derick,83.15
Fredelia Avo,Fredelia,71.4
Nanine Brickdale,Nanine,6.3
Hilly Utting,Hilly,13.96
Tammi Switland,Tammi,45.6
Annecorinne Partrick,Annecorinne,10.66
Rocky Leads,Rocky,28.19
Janek Ferson,Janek,43.3
Donella Klawi,Donella,43.43
Malorie Garrad,Malorie,5.74
Liane Van der Spohr,Liane,84.87
Adair Drinkale,Adair,17.72
Justus Befroy,Justus,9.51
Bing Collacombe,Bing,23.69
Clarie Colenutt,Clarie,79.97
Cass Spridgeon,Cass,19.09
Ashton Bon,Ashton,7.86
Milo Sidney,Milo,89.02
Corina O'Nions,Corina,32.24
Muriel Zammitt,Muriel,39.47
Jackqueline Nightingale,Jackqueline,22.29
Allissa Macellar,Allissa,39.01
Roosevelt Stanluck,Roosevelt,76.12
Meryl Suttill,Meryl,2.09
Windham Clutterbuck,Windham,59.61
Sander Labern,Sander,71.07
Arden Endacott,Arden,6.38
Emelia Shires,Emelia,24.6
Loralie Rubinowitch,Loralie,38.98
Shamus Senchenko,Shamus,56.94
Hilario Olsson,Hilario,91.33
Fred Ridolfo,Fred,80.4
Katy Eckart,Katy,44.23
Mano Hussey,Mano,41.41
Sigismundo Blasio,Sigismundo,15.4
Chandler Farlam,Chandler,91.98
Ezekiel Lammers,Ezekiel,13.09
Kevin Sinnat,Kevin,28.11
Odie Toffoletto,Odie,38.56
Bibbye Kemmis,Bibbye,64.49
Gard Taleworth,Gard,12.74
Silvan Van't Hoff,Silvan,41.35
Scott Beecheno,Scott,85.75
Haily Gorringe,Haily,90.57
Romona Stillmann,Romona,28.11
Lizzie Doyland,Lizzie,48.78
Sheridan Mimmack,Sheridan,45.47
Pammie Besnardeau,Pammie,6.47
Elnora Stieger,Elnora,20.25
Eric Marciek,Eric,8.08
Svend Hurdwell,Svend,25.04
Cortie Backhurst,Cortie,24.11
Yorgo Pecey,Yorgo,13.59
Genna Blazejewski,Genna,18.29
Merrily Crook,Merrily,50.48
Pip Mickleburgh,Pip,53.79
Emilie Hause,Emilie,75.18
Deirdre Beel,Deirdre,55.25
Christina Humby,Christina,52.46
Nealson Leatt,Nealson,96.21
Edita Stansell,Edita,30.01
Everett Dudley,Everett,56.35
Forest Brood,Forest,89.81
Shelton Lidden,Shelton,20.12
Bogart Cholton,Bogart,30.38
Jacquenette Espinoy,Jacquenette,14.86
Fielding Hellin,Fielding,51.04
Gannie Cassells,Gannie,17.77
Ulrica Jeffryes,Ulrica,14.2
Caterina Cattow,Caterina,49.38
Augustina De Dantesie,Augustina,52.78
Abbey Erie,Abbey,46.09
Alyson McMorran,Alyson,48.65
Ada Scardefield,Ada,23.86
Ciel Huggard,Ciel,6.75
Jule Aharoni,Jule,85.2
Laraine Isselee,Laraine,8.23
Rutger Tesimon,Rutger,31.39
Andrea Edkins,Andrea,9.77
Barbabra Le Hucquet,Barbabra,43.16
Sunny Wieprecht,Sunny,4.31
Scarface Di Biaggi,Scarface,4.73
Tasha Spray,Tasha,33.88
Emlyn Songhurst,Emlyn,31.52
Cassondra McCaghan,Cassondra,3.53
Simeon Griffen,Simeon,51.31
Harlan Byard,Harlan,40.3
Hedvig Harroway,Hedvig,71.52
Val Atyea,Val,42.88
Myrwyn Cunnington,Myrwyn,60.37
Harmony Baillie,Harmony,61.55
Lockwood Kubatsch,Lockwood,75.16
Marlena Giacobini,Marlena,75.88
Olivier Keelin,Olivier,2.0
Marcy Ibel,Marcy,70.91
Rene Jira,Rene,94.6
Noby Gervaise,Noby,30.95
Tootsie Braune,Tootsie,23.97
Dorry Wainman,Dorry,56.46
Nani Golbourn,Nani,49.53
Tommy Briffett,Tommy,66.42
Yvette Carrell,Yvette,32.38
Aindrea Peacher,Aindrea,82.15
Jock Emmer,Jock,46.24
Vaughn Robillard,Vaughn,6.68
Henrieta Cristou,Henrieta,25.12
Adler Oager,Adler,22.91
Saxon Runnett,Saxon,15.66
Simon Downage,Simon,4.05
Heather Dressell,Heather,72.04
Cooper Shailer,Cooper,14.02
Sydney Bilbie,Sydney,58.33
Garald Farquharson,Garald,9.03
Norean Kilgour,Norean,49.63
Kacy Josephs,Kacy,25.27
Parnell Millson,Parnell,56.27
Rourke Hallede,Rourke,89.82
Vilma Jull,Vilma,66.03
Vin Briat,Vin,72.59
Ev Addionisio,Ev,39.53
Alphonse Eveleigh,Alphonse,61.36
Karlen Vivian,Karlen,98.49
Timmie Redmile,Timmie,22.35
Lammond Noraway,Lammond,22.83
Kinnie Pedrozzi,Kinnie,12.69
Judye Haddy,Judye,79.55
Thorin Rayment,Thorin,60.0
Dar Greiser,Dar,15.46
Roselia Petroselli,Roselia,68.81
Dietrich Onraet,Dietrich,54.17
Jermayne Jorgesen,Jermayne,97.37
Merell Hawkyens,Merell,14.32
Somerset Matthai,Somerset,44.42
Dugald Redfern,Dugald,72.53
Carol-jean Bernardeschi,Carol-jean,84.16
Beverley Arrol,Beverley,9.79
Lance Strong,Lance,79.62
Ricardo McLean,Ricardo,29.13
Waly Oldroyde,Waly,94.78
Tiertza Tumility,Tiertza,15.42
Edgard Mowle,Edgard,19.25
Cassandre Ratke,Cassandre,71.08
Tony Dunniom,Tony,27.69
Raynard Marcussen,Raynard,36.23
Moria O'Doohaine,Moria,20.03
Nanice Whitehall,Nanice,16.39
Dix Jansens,Dix,95.9
Drusie Thorowgood,Drusie,31.46
Velvet Fouracre,Velvet,75.51
Syman Wilcott,Syman,38.77
Hermie Ratie,Hermie,86.52
Marga Reiglar,Marga,53.67
Dwight Harsnep,Dwight,33.13
Jennica Evangelinos,Jennica,20.32
Molly Bogace,Molly,48.75
Cassaundra Althorpe,Cassaundra,32.68
Kelcey Skain,Kelcey,87.18
Zelma Attle,Zelma,70.87
Hieronymus Girault,Hieronymus,59.1
Zia Cattermull,Zia,91.73
Ysabel Augustin,Ysabel,53.13
Aeriela Walliker,Aeriela,67.14
Shayne MacGhee,Shayne,84.69
Jaymie Ewing,Jaymie,53.08
Dewain Reame,Dewain,1.27
Mirella Berens,Mirella,86.92
Chelsae Probey,Chelsae,47.15
Reinaldos Bramstom,Reinaldos,53.22
Jeremy Franke,Jeremy,7.78
Rebecca Cathie,Rebecca,66.01
Clyde Pesek,Clyde,9.41
Astrix Antonsson,Astrix,55.16
Tyler Brickdale,Tyler,95.8
Juliet Sweetlove,Juliet,93.68
Dahlia Ceschi,Dahlia,89.76
Horace Brunet,Horace,71.1
Portie Crank,Portie,56.31
Queenie Linzey,Queenie,37.6
Orlando Frith,Orlando,47.06
Craig Grooby,Craig,38.11
Pandora Collinwood,Pandora,74.16
Cordie McKoy,Cordie,54.54
Julee Vlasyev,Julee,98.95
Garnet Mardle,Garnet,63.6
Adrian Sergean,Adrian,62.83
Natala Cant,Natala,65.37
Almeta Ovington,Almeta,63.55
Lorianna Biddleston,Lorianna,80.21
Sela Neilands,Sela,75.29
Leone Bennis,Leone,24.43
Buddy Martinelli,Buddy,65.66
Edithe Rex,Edithe,59.4
Gunner Stedson,Gunner,90.91
Vite Nyssens,Vite,36.32
Leslie Kilcoyne,Leslie,36.9
Jacintha Bladge,Jacintha,38.87
Rem Awcoate,Rem,14.8
Robinet Mouat,Robinet,91.06
Darbie Scarlan,Darbie,64.27
Marco Corking,Marco,2.95
Rhett Tunaclift,Rhett,9.44
Sanders Fullstone,Sanders,96.62
Marilee Burne,Marilee,73.48
Adrian Jozefowicz,Adrian,82.8
Haze Franca,Haze,34.55
Dominica Maylott,Dominica,69.72
Orelia Wearing,Orelia,58.54
Cart Romero,Cart,61.96
Lorie Iddon,Lorie,80.78
Bartlett Heimann,Bartlett,55.07
Sada Ryburn,Sada,6.34
Phillip Dobbison,Phillip,78.99
Augustus Parsisson,Augustus,76.66
Tris Lethardy,Tris,52.37
Kermy Laite,Kermy,68.77
Penni Round,Penni,8.39
Jodi Attenborough,Jodi,95.63
Nevsa Peatt,Nevsa,39.65
L;urette Fer,L;urette,78.53
Freida Hosten,Freida,18.72
Rafael Baversor,Rafael,24.62
Sherrie McMakin,Sherrie,50.89
Barnabas Bart,Barnabas,18.17
Billy Laroze,Billy,73.05
Antoinette Phinn,Antoinette,12.18
Noah Cancelier,Noah,46.26
Hilly Farleigh,Hilly,11.08
Lorna Stanex,Lorna,33.71
Fairlie Lincey,Fairlie,61.1
Boote Shulem,Boote,80.13
Missie Wehner,Missie,38.54
Cleon Etchingham,Cleon,85.76
Kaile Zorn,Kaile,36.5
Leonelle MacCallester,Leonelle,76.42
Etti Whitehair,Etti,42.63
Jory Eccleshare,Jory,4.97
Pancho Malpas,Pancho,98.82
Laurie Benedek,Laurie,40.38
Rae Barnson,Rae,44.28
Astrid Boffin,Astrid,80.12
Mavis Fretwell,Mavis,70.42
Saloma Letcher,Saloma,20.73
Barry Slinn,Barry,81.62
Clim Staggs,Clim,90.22
Malissia Weatherhill,Malissia,10.01
Caterina Sommerville,Caterina,51.02
Connor Doreward,Connor,19.8
Ysabel Muller,Ysabel,99.63
Shaina Stutter,Shaina,38.9
Gabi Baly,Gabi,50.94
Raynell Favela,Raynell,26.21
Shandee Penrith,Shandee,28.47
Tamara Kobelt,Tamara,70.53
Karlik Cristoferi,Karlik,52.98
Dimitri Herkess,Dimitri,87.98
Adela Culpan,Adela,64.69
Nedi Lyles,Nedi,86.93
Pen Ferraraccio,Pen,85.24
Hamlen Lillo,Hamlen,42.4
Corabelle Hempel,Corabelle,97.96
Kevan Sollars,Kevan,30.14
Filippa Lages,Filippa,65.19
Maible Bispham,Maible,60.18
Remus Salvadori,Remus,21.39
Wanda Brownsill,Wanda,26.55
Giana Gagan,Giana,57.7
Lula Harken,Lula,26.38
Lesya Wight,Lesya,50.43
Dawn Shapcote,Dawn,67.6
Mozelle Tenbrug,Mozelle,99.95
Shandy Topper,Shandy,75.17
Donny Crellim,Donny,51.68
Kizzee Lodo,Kizzee,56.57
Goraud Hedden,Goraud,39.68
Jeana Nichols,Jeana,99.84
Linus Flello,Linus,56.98
Britney Hadaway,Britney,79.41
Tandy Roadknight,Tandy,87.77
Solomon Rutley,Solomon,37.77
Ermin Domone,Ermin,94.41
Tucker Buck,Tucker,71.18
Charley Shaudfurth,Charley,92.86
Kristel Spore,Kristel,94.57
Mortie Fritzer,Mortie,38.7
Fern Glazier,Fern,30.26
Lory Chilton,Lory,30.86
Dulci Southward,Dulci,66.06
Lorenza Cordery,Lorenza,71.74
Georges Ourtic,Georges,84.69
Gabey Thornhill,Gabey,44.07
Ezequiel Semered,Ezequiel,37.74
Kingsley Warlowe,Kingsley,63.66
Fanechka Rance,Fanechka,82.35
Eugenius Kubis,Eugenius,34.21
Bertine Starmer,Bertine,22.77
Constanta Bartles,Constanta,27.52
Lacy MacFadin,Lacy,79.16
Dasya MacMenamie,Dasya,11.6
Sarena Hollyland,Sarena,22.32
Hildegaard Limpertz,Hildegaard,25.28
Rena Duffan,Rena,33.52
Carrol Bentall,Carrol,93.08
Lorie Stains,Lorie,49.05
Diego Gyrgorwicx,Diego,24.49
Geoffry Sturdey,Geoffry,55.22
Finn Stickins,Finn,23.91
Andrus Hrinchishin,Andrus,88.93
Philomena Camsey,Philomena,89.11
Mathew Life,Mathew,69.42
Hoyt Maneylaws,Hoyt,11.13
Frederik McBrier,Frederik,2.99
Maxie Kloss,Maxie,56.98
Cicily Smidmore,Cicily,80.96
Ches Carberry,Ches,95.79
Perrine Gookes,Perrine,66.27
